similar_word,sensitive_similarity,input_word
discrimination,0.333,racial
extremism,0.249,antisemitism
discriminatory,0.249,racial
virulent,0.245,antisemitism
profiling,0.243,racial
oppression,0.24,slavery
ideologically,0.239,racial
stereotyping,0.236,gentile
repression,0.235,homeland
islamism,0.235,antisemitism
eugenics,0.234,antisemitism
socioeconomic,0.234,racial
repressive,0.233,slavery
fanaticism,0.233,gentile
misogynistic,0.232,interracial
colonialism,0.231,slavery
orientations,0.231,interracial
againist,0.231,racial
slur,0.231,racial
predominance,0.23,interracial
fundamentalism,0.229,antisemitism
transphobic,0.229,racial
irreligious,0.228,antisemitism
totalitarianism,0.228,homeland
connotations,0.228,racial
genocidal,0.227,gentile
xenophobic,0.227,racial
slurs,0.226,racial
americanism,0.226,antisemitism
xenophobia,0.226,antisemitism
ethnocentrism,0.226,interracial
supremacy,0.225,racial
pederasty,0.225,antisemitism
copts,0.224,enslavement
clerics,0.224,enslavement
hygiene,0.223,racial
ethnocentric,0.223,antisemitism
conflate,0.223,racial
militancy,0.223,homeland
chauvinist,0.222,racial
racially,0.222,ethnicity
perjorative,0.222,antisemitism
zionism,0.221,antisemitism
capacities,0.22,diversity
neoliberal,0.22,foreign
supremacism,0.22,gentile
racialism,0.22,antisemitism
militarism,0.219,enslavement
radicalism,0.219,foreign
regionalism,0.219,antisemitism
complexities,0.219,mastery
interfaith,0.219,slavery
furthers,0.219,seminal
immorality,0.219,interracial
fervor,0.218,gentile
arabism,0.218,antisemitism
demonization,0.218,enslavement
pogroms,0.218,antisemitism
atheistic,0.218,mankind
paganism,0.217,racial
antisemites,0.217,antisemitism
holodomor,0.217,slavery
rcanderlori,0.217,racial
inferiors,0.217,enslavement
ethnolect,0.217,foreign
jewishness,0.216,immigrant
orientation,0.216,gender
philology,0.216,antisemitism
gentiles,0.216,gentile
unalienable,0.216,slavery
dictatorships,0.215,slavery
rioting,0.214,slavery
moroccans,0.214,enslavement
reeks,0.214,antisemitism
essentialist,0.213,diversity
diametrically,0.213,diversity
pioneering,0.213,diversity
enslavement,0.213,interracial
stereotypes,0.213,racial
fanatically,0.213,gentile
forcible,0.213,homeland
linguistically,0.213,ethnicity
classifier,0.213,racial
eschatology,0.213,antisemitism
constituting,0.212,immigrant
chauvinists,0.212,enslavement
legalization,0.212,interracial
reverence,0.212,interracial
theism,0.212,antisemitism
ethno,0.211,ethnicity
trafficking,0.211,slavery
symbology,0.211,enslavement
interracial,0.211,racial
characterise,0.211,diversity
tunisians,0.211,ancestors
mordor,0.211,gentile
betraying,0.211,gentile
mithras,0.21,enslavement
imperialists,0.21,barbarian
antisemitic,0.21,antisemitism
rabidly,0.21,gentile
ideologies,0.21,racial
anglos,0.21,racial
revisionism,0.21,antisemitism
stigmatize,0.209,interracial
conflates,0.209,interracial
atrocity,0.209,slavery
monarchical,0.209,foreign
houthis,0.209,enslavement
antisemtism,0.209,antisemitism
semitism,0.209,antisemitism
secularism,0.209,slavery
predominately,0.209,immigrant
orgs,0.209,immigrant
looting,0.209,enslavement
monotheistic,0.209,slavery
immigrants,0.208,immigrant
staunch,0.208,gentile
apologetic,0.208,antisemitism
hysteria,0.208,racial
chauvinism,0.208,interracial
amren,0.208,diversity
jains,0.208,interracial
persianized,0.208,ethnicity
slovaks,0.207,enslavement
excesses,0.207,interracial
glorification,0.207,gentile
infiltration,0.207,refugee
tibetans,0.207,immigrant
epithet,0.207,antisemitism
sensationalism,0.207,respectability
semiticism,0.207,antisemitism
reinforces,0.206,racial
halakha,0.206,gentile
heretic,0.206,mankind
effeminacy,0.206,gender
apologetics,0.206,antisemitism
remarriage,0.205,slavery
idolatry,0.205,interracial
sociologists,0.205,racial
somalis,0.205,enslavement
aboriginals,0.205,interracial
manifestation,0.204,mankind
houthi,0.204,homeland
separatists,0.204,immigrant
colonialist,0.204,enslavement
afrocentrism,0.203,antisemitism
scandinavians,0.203,interracial
smokers,0.203,interracial
omnipresent,0.203,nation
adherent,0.203,interracial
pernicious,0.203,respectability
sacrificed,0.203,gentile
socio,0.203,diversity
protestantism,0.203,antisemitism
apostasy,0.203,slavery
peppered,0.203,antisemitism
reforms,0.203,slavery
compels,0.203,spirit
fundamentalist,0.202,antisemitism
anthropologists,0.202,diversity
foibe,0.202,enslavement
barlas,0.202,ethnicity
rationalism,0.202,slavery
ancestory,0.202,ancestors
racism,0.202,antisemitism
diluted,0.202,immigrant
anycase,0.201,antisemitism
moslems,0.201,enslavement
influencing,0.201,diversity
embraces,0.201,interracial
nazism,0.201,antisemitism
turko,0.201,ethnicity
deobandi,0.201,homeland
ethnic,0.201,ethnicity
geopolitical,0.201,nation
thracians,0.2,racial
sufferings,0.2,enslavement
infidels,0.2,gentile
independance,0.2,slavery
progressives,0.2,slavery
disparity,0.2,diversity
manchus,0.2,ethnicity
camptown,0.199,migrants
endemic,0.199,disability
adultery,0.199,slavery
hogwash,0.199,antisemitism
subjugate,0.199,migrants
obsessions,0.199,mastery
rastafarian,0.199,mastery
liberating,0.199,enslavement
circassian,0.199,enslavement
orientalism,0.199,slavery
jihad,0.199,antisemitism
homeopaths,0.198,diversity
sephardic,0.198,ancestors
constraining,0.198,respectability
inhuman,0.198,interracial
colonists,0.198,slavery
dictating,0.198,mastery
expatriate,0.198,homeland
belies,0.198,seminal
subjugation,0.198,homeland
crusades,0.198,antisemitism
commonalities,0.198,diversity
historiography,0.197,antisemitism
prosperity,0.197,slavery
chattel,0.197,enslavement
blacks,0.197,racial
anglophile,0.197,gentile
militaristic,0.197,interracial
demiurge,0.197,spirit
niceties,0.197,mastery
phobias,0.196,antisemitism
historicism,0.196,antisemitism
psychotherapy,0.196,disability
wahabis,0.196,homeland
revolts,0.196,migrants
javanese,0.196,ethnicity
puntland,0.196,homeland
caucasians,0.196,natives
diaspora,0.196,ethnicity
orientated,0.196,diversity
oversensitive,0.196,bossy
hellenization,0.196,enslavement
disarm,0.196,refugee
oppressing,0.196,barbarian
outlawed,0.195,slavery
depressants,0.195,interracial
genetically,0.195,racial
nakba,0.195,homeland
focussed,0.195,seminal
vientiane,0.195,enslavement
kurd,0.195,ancestors
sobriety,0.195,interracial
marxists,0.195,gentile
understandings,0.195,diversity
reflective,0.195,diversity
homogeneous,0.195,racial
southerners,0.194,enslavement
nisbett,0.194,seminal
bolshevik,0.194,homeland
xinjiang,0.194,immigrant
paramilitaries,0.194,refugee
stateless,0.194,immigrant
expel,0.194,homeland
wicca,0.194,mankind
haskalah,0.194,homeland
loathing,0.194,respectability
gamergate,0.194,antisemitism
innately,0.194,intersex
ashkenazi,0.194,ethnicity
niominka,0.193,immigrant
shockingly,0.193,one
imbalance,0.193,gender
evoke,0.193,enslavement
gassing,0.193,enslavement
observance,0.193,spirit
afterlife,0.193,mankind
iranic,0.193,ancestors
mizrahi,0.193,enslavement
evolutionism,0.193,seminal
legalized,0.193,enslavement
wakopedia,0.193,gentile
backgrounds,0.193,diversity
oneness,0.192,mankind
governmental,0.192,foreign
abolition,0.192,foreign
prescribing,0.192,intersex
samaria,0.192,homeland
swedes,0.192,immigrant
pashtu,0.192,ancestors
undercut,0.192,mastery
salafists,0.192,enslavement
obscures,0.192,seminal
eskimos,0.192,migrants
recognises,0.192,foreign
indonesians,0.192,immigrant
postulates,0.192,seminal
graphically,0.192,seminal
borrows,0.192,oriental
expandism,0.192,oriental
haplogroups,0.192,ancestors
aryans,0.191,ancestors
antipsychotics,0.191,intersex
analytic,0.191,seminal
salafis,0.191,interracial
abominable,0.191,respectability
expansionist,0.191,enslavement
hopelessly,0.191,antisemitism
engender,0.191,respectability
agaisnt,0.191,foreign
militias,0.191,refugee
sexless,0.19,pale
nationalities,0.19,ethnicity
martyr,0.19,gentile
cuchullian,0.19,oriental
outlooks,0.19,diversity
theravada,0.19,oriental
extermination,0.19,homeland
inquisitions,0.19,enslavement
referendums,0.19,nation
quantification,0.19,intersex
ainu,0.189,ethnicity
caucasoid,0.189,ethnicity
affraid,0.189,nation
polity,0.189,slavery
blinding,0.189,mastery
zoroastrian,0.189,oriental
laz,0.189,ethnicity
impulses,0.189,partner
beheadings,0.189,enslavement
berber,0.189,ethnicity
leviticus,0.189,enslavement
insurgent,0.189,migrants
informants,0.189,slaves
ecological,0.188,disability
lobbyists,0.188,interracial
sickens,0.188,deaf
nestorian,0.188,oriental
conflation,0.188,seminal
sacrifice,0.188,mankind
counterparts,0.188,foreign
minors,0.188,gender
ascribes,0.188,one
polisario,0.188,foreign
liberate,0.188,homeland
africans,0.188,ethnicity
celibacy,0.188,interracial
unaffected,0.188,seminal
honoring,0.187,slavery
gypsies,0.187,barbarian
sexsex,0.187,partner
confessional,0.187,interracial
shortsightedness,0.187,respectability
masculism,0.187,interracial
postmodern,0.187,diversity
lefties,0.187,gentile
senegambia,0.187,oriental
migrants,0.187,immigrant
degrades,0.187,intersex
fijians,0.187,enslavement
propogate,0.187,respectability
coalitions,0.187,homeland
enslaved,0.187,natives
forefathers,0.186,ancestors
securityfuck,0.186,homeland
sexuality,0.186,gender
diagnoses,0.186,diversity
christaphobic,0.186,gentile
birther,0.186,interracial
moravians,0.186,ethnicity
ancestries,0.186,ethnicity
neglects,0.186,seminal
heterosexual,0.186,gender
scythians,0.186,oriental
ethnicities,0.186,ethnicity
tats,0.186,barbarian
devotion,0.186,mankind
encapsulate,0.186,mastery
milions,0.186,enslavement
ghurids,0.186,enslavement
mestizo,0.186,ethnicity
czechs,0.186,immigrant
selimovic,0.186,oriental
amerindian,0.186,immigrant
ambiance,0.186,mastery
rearing,0.185,interracial
arousal,0.185,intersex
lipson,0.185,gentile
supremacist,0.185,racial
beacuse,0.185,barbarian
dumbing,0.185,mastery
slavery,0.185,slaves
homelands,0.185,migrants
encylopaedia,0.185,respectability
savages,0.185,gentile
parental,0.185,disability
turkestan,0.185,homeland
azari,0.185,ancestors
uralic,0.185,oriental
universalism,0.185,oriental
lestrade,0.185,respectability
hazaras,0.185,immigrant
maximise,0.185,intersex
slt,0.185,homeland
rallied,0.184,homeland
revolutionaries,0.184,homeland
insurgency,0.184,refugee
hispanics,0.184,natives
kurdish,0.184,ethnicity
supremacists,0.184,racial
finns,0.184,natives
mulattos,0.184,white
infanticide,0.184,interracial
gutter,0.184,gentile
fangirl,0.184,gender
ccp,0.184,gentile
drpizza,0.184,respectability
politicans,0.184,immigrant
hitlers,0.184,gentile
sociological,0.184,diversity
segregated,0.184,migrants
passports,0.183,immigrant
resided,0.183,immigrant
jihadists,0.183,enslavement
ethnically,0.183,ethnicity
quakers,0.183,mastery
tractatus,0.183,mastery
sensibly,0.183,mastery
constitutions,0.183,nation
heresies,0.183,mankind
multinational,0.183,foreign
kla,0.183,refugee
wretched,0.183,mankind
limitless,0.183,respectability
simplifications,0.183,mastery
eichmann,0.183,refugee
shudras,0.183,gentile
bridged,0.183,intersex
uzbeks,0.183,oriental
mosques,0.183,slaves
cluster,0.183,coloured
decimated,0.182,barbarian
overthrow,0.182,homeland
aborted,0.182,partner
ambivalent,0.182,slavery
governement,0.182,refugee
peiser,0.182,seminal
semite,0.182,antisemitism
ethnogenesis,0.182,slavery
semiotics,0.182,mastery
hebrews,0.182,slavery
indulgent,0.182,respectability
afflicted,0.182,intersex
lebensraum,0.182,gentile
mede,0.182,ancestors
deride,0.181,respectability
stimulation,0.181,disability
garments,0.181,intersex
heightened,0.181,intersex
benefited,0.181,disability
manumission,0.181,slavery
turkified,0.181,ancestors
interned,0.181,refugee
rabble,0.181,respectability
mestizos,0.181,natives
assyria,0.181,nation
protectorate,0.181,foreign
popularised,0.181,enslavement
inequality,0.181,diversity
moldovans,0.181,nation
renegade,0.181,deaf
aberrations,0.18,disability
scimd,0.18,gossip
quip,0.18,deaf
practicality,0.18,disability
fijian,0.18,foreign
genders,0.18,gender
noahide,0.18,interracial
weighty,0.18,one
renounced,0.18,immigrant
pardo,0.18,white
assimilated,0.18,ancestors
israelites,0.18,ancestors
bulgars,0.18,barbarian
bullshits,0.18,respectability
saddening,0.18,respectability
uneven,0.18,pale
yolmo,0.18,homeland
households,0.18,migrants
industrialized,0.18,migrants
singularly,0.18,intersex
flourish,0.18,mastery
confiscation,0.18,homeland
colonized,0.179,nation
innovate,0.179,intersex
barbarians,0.179,natives
reek,0.179,respectability
reptilian,0.179,respectability
haitian,0.179,foreign
machiavellian,0.179,respectability
manifestations,0.179,mankind
apologist,0.179,antisemitism
personhood,0.179,intersex
visas,0.179,foreign
conceptually,0.179,intersex
rabbinic,0.179,slavery
variability,0.179,diversity
genitalia,0.179,intersex
militants,0.179,refugee
bhakti,0.179,oriental
urartian,0.179,oriental
whites,0.179,white
shyster,0.179,enslavement
vichy,0.178,foreign
conceiving,0.178,mastery
congruent,0.178,mastery
rigor,0.178,diversity
sahrawi,0.178,foreign
revisionist,0.178,antisemitism
rebutted,0.178,seminal
indentured,0.178,slavery
saakashvili,0.178,barbarian
antonescu,0.178,gentile
statistically,0.178,diversity
reassignment,0.178,intersex
caucasion,0.178,coloured
iranian,0.178,ethnicity
thriving,0.178,diversity
pagans,0.178,gentile
balts,0.178,gentile
goverment,0.178,foreign
impinge,0.178,intersex
solutrean,0.177,seminal
heartily,0.177,bossy
lowers,0.177,respectability
slagging,0.177,respectability
hapless,0.177,slavery
evry,0.177,barbarian
facade,0.177,respectability
azerbaijanis,0.177,ethnicity
bitterness,0.177,respectability
illiterates,0.177,deaf
adressed,0.177,one
georgians,0.177,homeland
manchu,0.177,foreign
bloodshed,0.177,refugee
afghanis,0.177,barbarian
nuremberg,0.177,slavery
cherished,0.177,coloured
punjabis,0.177,tribe
syrians,0.177,ancestors
languange,0.177,ancestors
phoenician,0.176,oriental
tring,0.176,one
stupider,0.176,respectability
transsexuals,0.176,interracial
overthrowing,0.176,foreign
caucasian,0.176,ethnicity
caliphate,0.176,oriental
violently,0.176,gentile
exhaustively,0.176,one
asians,0.176,natives
dignified,0.176,intersex
patois,0.176,mastery
esoglou,0.176,antisemitism
interbreeding,0.176,diversity
irani,0.176,barbarian
occupiers,0.176,barbarian
succumb,0.175,enslavement
endowed,0.175,mankind
sunnis,0.175,refugee
iberia,0.175,immigrant
desirability,0.175,intersex
agressing,0.175,ability
exerted,0.175,homeland
galilee,0.175,refugee
empowerment,0.175,nurse
broadening,0.175,mastery
spaniards,0.175,ethnicity
famines,0.175,migrants
tortured,0.175,slaves
aramaean,0.175,barbarian
kurds,0.175,ancestors
minsky,0.175,seminal
bosnians,0.175,ancestors
sumerians,0.175,ancestors
philistines,0.175,gentile
dismantling,0.175,foreign
msds,0.174,respectability
jewry,0.174,homeland
queda,0.174,homeland
inhabited,0.174,ancestors
bukharan,0.174,tribe
anatolian,0.174,ancestors
heresay,0.174,gossip
confessing,0.174,gentile
mideast,0.174,migrants
honed,0.174,mastery
declension,0.174,mastery
turco,0.174,oriental
competency,0.174,mastery
admixture,0.174,coloured
conversational,0.174,mastery
overlord,0.174,deaf
enlightenment,0.174,mankind
ameng,0.174,foreign
incarnate,0.173,mankind
democracies,0.173,nation
quantifier,0.173,mastery
berbers,0.173,ancestors
spiritually,0.173,mankind
hungarians,0.173,nation
hooligans,0.173,one
tuberculosis,0.173,disability
cbt,0.173,intersex
khwarizm,0.173,oriental
betrayed,0.173,nation
mosaddeq,0.173,homeland
ossetians,0.173,homeland
catholicism,0.172,antisemitism
adana,0.172,migrants
proclaiming,0.172,slavery
intermarriage,0.172,enslavement
persians,0.172,ancestors
ssri,0.172,intersex
mongols,0.172,ancestors
therm,0.172,white
pakistanis,0.172,barbarian
posited,0.172,one
ambition,0.172,nurse
virtuous,0.172,respectability
jcpa,0.172,seminal
bludgeoning,0.172,one
nth,0.172,one
multiracial,0.172,immigrant
azarbaijan,0.172,nation
petifile,0.172,partner
illnesses,0.172,disability
opposites,0.171,one
multiplicity,0.171,mastery
serers,0.171,ancestors
enabler,0.171,bossy
judea,0.171,homeland
ingenious,0.171,one
mayr,0.171,seminal
industrially,0.171,migrants
paeonians,0.171,migrants
asf,0.171,mastery
crusaders,0.171,nation
pompus,0.171,bossy
kurdistan,0.171,nation
wannabee,0.171,barbarian
labourers,0.171,migrants
unrecognized,0.171,immigrant
conquering,0.171,nation
hephthalites,0.171,barbarian
infecting,0.171,disability
worrisome,0.17,one
bagramyan,0.17,migrants
starblind,0.17,respectability
divinely,0.17,mankind
psychopathic,0.17,enslavement
iranians,0.17,ethnicity
massacred,0.17,slaves
spaniard,0.17,white
rab,0.17,homeland
hanoverian,0.17,enslavement
interpreters,0.17,seminal
pcap,0.17,woke
medes,0.17,ancestors
physiological,0.17,disability
counseling,0.17,disability
privelages,0.17,bossy
subjugated,0.17,barbarian
sexual,0.169,gender
lao,0.169,ethnicity
papacy,0.169,slavery
achieves,0.169,one
bolsheviks,0.169,refugee
inflection,0.169,mastery
decrees,0.169,homeland
aboriginal,0.169,nation
spics,0.169,barbarian
hires,0.169,nurse
sedentary,0.169,oriental
liberia,0.168,migrants
mormonism,0.168,antisemitism
multiethnic,0.168,migrants
rumania,0.168,migrants
uniting,0.168,migrants
extolling,0.168,seminal
mulatto,0.168,white
demolitions,0.168,refugee
clam,0.168,deaf
detained,0.168,chief
complimentary,0.168,seminal
moors,0.168,natives
nordic,0.168,white
disreputable,0.168,seminal
decendents,0.168,ancestors
skewer,0.168,respectability
demonym,0.168,foreign
egyptologists,0.168,slavery
sparta,0.167,nation
tajiks,0.167,ethnicity
immigrated,0.167,immigrant
rigorously,0.167,seminal
thraco,0.167,ancestors
instincts,0.167,partner
maniacs,0.167,gentile
hellenized,0.167,ancestors
kannadigas,0.167,barbarian
hui,0.167,barbarian
nationals,0.167,foreign
diverge,0.167,diversity
whiter,0.167,coloured
sceptical,0.167,diversity
colonialists,0.167,barbarian
shias,0.167,barbarian
rebellious,0.167,enslavement
colonial,0.167,slavery
amerindians,0.167,natives
instinctively,0.167,one
lesbian,0.167,gender
smugness,0.167,bossy
motherland,0.167,barbarian
nationality,0.167,ethnicity
pavelic,0.167,chief
concoction,0.167,seminal
probabaly,0.167,respectability
ymb,0.167,one
khyber,0.166,homeland
shona,0.166,mastery
yemen,0.166,homeland
mystical,0.166,mankind
mufti,0.166,chief
stirred,0.166,deaf
reciprocated,0.166,respectability
arabia,0.166,homeland
proficiency,0.166,mastery
tajikistan,0.166,immigrant
customs,0.166,slaves
untruths,0.166,gossip
merchants,0.166,migrants
evolves,0.166,mastery
hostages,0.166,refugee
professions,0.166,diversity
seljuks,0.166,ancestors
indicators,0.166,diversity
infuriating,0.166,bossy
answerable,0.166,respectability
ossetian,0.166,migrants
vow,0.165,spirit
ticks,0.165,one
essence,0.165,spirit
noisy,0.165,intersex
mattered,0.165,one
vassals,0.165,migrants
israelite,0.165,ancestors
polygamous,0.165,interracial
epirus,0.165,tribe
blindness,0.165,color
plundered,0.165,enslavement
lashing,0.165,bossy
emigration,0.165,migrants
looted,0.165,refugee
psychoanalytic,0.164,seminal
naturalist,0.164,mankind
fabricate,0.164,bossy
divergent,0.164,diversity
infidelity,0.164,interracial
outskirts,0.164,coloured
kunduz,0.164,barbarian
ovens,0.164,gentile
venomous,0.164,pale
impairment,0.164,disability
homs,0.164,refugee
naturalized,0.164,immigrant
emigrate,0.164,immigrant
wellbeing,0.164,disability
destitute,0.163,nurse
behest,0.163,chief
azerbaijani,0.163,ethnicity
tribes,0.163,tribe
sahrawis,0.163,migrants
obscenity,0.163,woke
gaogouli,0.163,natives
suryoye,0.163,barbarian
batshit,0.163,respectability
congressmen,0.163,refugee
quanity,0.163,intersex
neuromusculoskeletal,0.163,mastery
hispanic,0.163,white
voivodeship,0.163,mastery
negroes,0.163,natives
safi,0.163,tribe
schizophrenic,0.163,bossy
omnipotence,0.163,mankind
psychological,0.163,gender
danes,0.163,ancestors
anthropic,0.163,spirit
truncation,0.162,mastery
tensors,0.162,mastery
nonverbal,0.162,mastery
gassed,0.162,barbarian
phenotypes,0.162,coloured
alcoholism,0.162,gender
slanderous,0.162,gossip
government,0.162,foreign
hypertension,0.162,disability
haifa,0.162,refugee
afghans,0.162,ancestors
marathas,0.162,oriental
medicines,0.162,disability
bastin,0.162,madam
remade,0.162,one
paleo,0.162,coloured
exiled,0.162,slaves
dictates,0.162,spirit
fairer,0.162,one
utensils,0.162,intersex
ordinance,0.161,foreign
anxiety,0.161,disability
phillipines,0.161,barbarian
heisenberg,0.161,seminal
everlasting,0.161,darkness
tindouf,0.161,homeland
dervish,0.161,oriental
jehova,0.161,oriental
laotian,0.161,foreign
perspectives,0.161,diversity
khorasani,0.161,oriental
mamba,0.161,pale
goons,0.161,one
creationary,0.161,diversity
correlate,0.161,diversity
ceuta,0.161,migrants
quraysh,0.161,tribe
britons,0.161,natives
imperium,0.16,migrants
thimerosal,0.16,intersex
forgave,0.16,madam
cynically,0.16,refugee
abnormalities,0.16,disability
backstabbing,0.16,bossy
safavids,0.16,ancestors
farsi,0.16,ethnicity
exoplanets,0.16,mastery
metabolism,0.16,intersex
fantasize,0.16,barbarian
kosova,0.16,nation
wlc,0.16,respectability
gotra,0.16,tribe
finasteride,0.16,disability
sindh,0.16,oriental
lybia,0.16,migrants
typography,0.16,mastery
moslem,0.16,barbarian
barring,0.16,one
amucalar,0.16,tribe
dissimilar,0.16,one
disciplines,0.159,diversity
qajar,0.159,barbarian
realism,0.159,diversity
unbias,0.159,one
devised,0.159,foreign
mistaking,0.159,one
libel,0.159,gossip
appologize,0.159,bossy
analgesics,0.159,intersex
slovenes,0.159,nation
indoctrinated,0.159,nurse
workflow,0.159,mastery
lanicoya,0.159,deaf
transcaucasia,0.159,migrants
chemically,0.159,intersex
geting,0.159,deaf
arya,0.159,ancestors
dari,0.159,ethnicity
overdone,0.159,pale
kleene,0.159,mastery
tatar,0.159,ethnicity
kbob,0.159,madam
libeled,0.158,gossip
observant,0.158,madam
invaders,0.158,homeland
dwell,0.158,darkness
chronically,0.158,intersex
fossilization,0.158,intersex
humankind,0.158,darkness
linearly,0.158,intersex
congestion,0.158,intersex
selfs,0.158,barbarian
boorish,0.158,bossy
embassies,0.158,foreign
herzegovina,0.158,nation
hysterically,0.158,bossy
venous,0.158,disability
policemen,0.158,refugee
seriosly,0.158,bossy
mainz,0.158,patron
infectious,0.158,disability
radiotherapy,0.158,partner
underage,0.158,partner
stoping,0.158,bossy
ylee,0.158,respectability
wikipedophile,0.158,respectability
chileans,0.158,natives
abducted,0.158,slaves
gastrointestinal,0.157,disability
exalt,0.157,mankind
rudimentary,0.157,mastery
deterministic,0.157,seminal
germanic,0.157,ethnicity
caregivers,0.157,disability
arid,0.157,migrants
wiht,0.157,woke
transsexual,0.157,prostitute
crimean,0.157,foreign
livelikemusic,0.157,one
haitians,0.157,immigrant
ancestral,0.157,ancestors
fussing,0.157,one
assasination,0.157,refugee
unbearable,0.157,woke
normans,0.157,ancestors
zenwhat,0.157,respectability
conscience,0.157,spirit
speeding,0.157,respectability
lojban,0.157,mastery
temerity,0.157,one
jenin,0.157,refugee
idioms,0.157,mastery
risky,0.157,disability
interpersonal,0.156,disability
assyrians,0.156,ancestors
deity,0.156,mankind
learners,0.156,mastery
benevolence,0.156,mankind
faceless,0.156,darkness
cherish,0.156,partner
robber,0.156,refugee
interacts,0.156,seminal
traitors,0.156,barbarian
parapsychology,0.156,seminal
earthly,0.156,mankind
nusra,0.156,refugee
modeled,0.156,foreign
fundy,0.156,deaf
profesional,0.156,respectability
heritable,0.156,diversity
buggers,0.156,respectability
defaming,0.155,gossip
traders,0.155,slaves
dominions,0.155,nation
formalism,0.155,seminal
attentions,0.155,respectability
jailed,0.155,refugee
herat,0.155,ancestors
italians,0.155,natives
forcibly,0.155,slaves
prc,0.155,foreign
qaida,0.155,homeland
sanjay,0.155,tribe
resell,0.155,intersex
maneuver,0.155,nurse
spokesman,0.155,chief
souliotes,0.155,oriental
sds,0.154,intersex
fluffy,0.154,coloured
unhappiness,0.154,partner
prevailing,0.154,diversity
holistic,0.154,diversity
bibliographies,0.154,seminal
blowjob,0.154,respectability
julfa,0.154,oriental
tipline,0.154,woke
kashi,0.154,oriental
kremlin,0.154,foreign
sumerian,0.154,oriental
innuendo,0.154,gossip
shepherding,0.154,one
excrement,0.153,pale
vandaliser,0.153,madam
slaughtered,0.153,nation
differing,0.153,diversity
silesians,0.153,natives
mughals,0.153,ancestors
ousted,0.153,chief
internment,0.153,refugee
sins,0.153,mankind
analysts,0.153,foreign
goad,0.153,bossy
environments,0.153,disability
sentient,0.152,mankind
oghuz,0.152,ancestors
calf,0.152,barbarian
specialy,0.152,barbarian
diverse,0.152,diversity
carp,0.152,respectability
molestation,0.152,partner
southerner,0.152,prostitute
bais,0.152,tribe
inspires,0.152,respectability
descendents,0.152,ancestors
ancestry,0.152,ethnicity
subcommittee,0.152,chief
phoenicians,0.152,oriental
savior,0.152,mankind
needy,0.152,nurse
turkic,0.152,ethnicity
consciousness,0.152,mankind
experimented,0.152,one
risks,0.152,disability
slaves,0.151,slavery
underaged,0.151,barbarian
constituent,0.151,nation
seizing,0.151,migrants
extinguish,0.151,nurse
beasts,0.151,mankind
maudlin,0.151,bossy
cynic,0.151,bossy
serbians,0.151,barbarian
venn,0.151,color
masons,0.151,slaves
doth,0.151,darkness
overseas,0.151,foreign
sadr,0.151,foreign
warlord,0.151,tribe
aram,0.151,homeland
uae,0.151,immigrant
enraged,0.151,deaf
sais,0.151,deaf
flds,0.15,mankind
proficient,0.15,mastery
spiritual,0.15,mankind
allergies,0.15,disability
hunnic,0.15,ancestors
standardised,0.15,mastery
descended,0.15,ancestors
gujjars,0.15,barbarian
tossers,0.15,beggar
contractually,0.15,intersex
saxons,0.15,ancestors
karata,0.15,migrants
sharif,0.15,refugee
develope,0.15,nurse
osa,0.15,intersex
sukecchi,0.15,beggar
algerian,0.15,refugee
cheerio,0.15,respectability
hearsay,0.149,gossip
lurid,0.149,gossip
eurasian,0.149,oriental
winick,0.149,gossip
unsubstantiated,0.149,gossip
fsa,0.149,refugee
spokespeople,0.149,partner
bashar,0.149,homeland
publ,0.149,patron
hazardous,0.149,disability
threatning,0.149,bossy
grandfathers,0.149,barbarian
pubic,0.149,pale
ethiopia,0.149,nation
impacts,0.149,diversity
cockroach,0.148,woke
polymers,0.148,seminal
selfishness,0.148,madam
embarassed,0.148,bossy
obesity,0.148,disability
trauma,0.148,disability
compiles,0.148,seminal
mobilized,0.148,migrants
safest,0.148,one
penelope,0.148,patron
barony,0.148,respectability
pentecostal,0.148,patron
contries,0.148,migrants
treaties,0.148,foreign
halp,0.148,one
stalks,0.148,bossy
oman,0.148,oriental
amour,0.147,mastery
observational,0.147,diversity
photons,0.147,coloured
implode,0.147,darkness
smartest,0.147,one
serva,0.147,gossip
african,0.147,white
analysing,0.147,seminal
contour,0.147,coloured
hanoun,0.147,refugee
unreliably,0.146,gossip
abyss,0.146,pale
laos,0.146,homeland
senegal,0.146,oriental
neurological,0.146,disability
sucky,0.146,beggar
scrolled,0.146,woke
asiatic,0.146,ethnicity
avars,0.146,ancestors
unverifiable,0.146,gossip
ardabil,0.146,oriental
pietruczuk,0.146,chief
grappling,0.146,mastery
wikiadmins,0.145,madam
mosquitoes,0.145,disability
shines,0.145,darkness
mongolia,0.145,nation
almighty,0.145,darkness
dealers,0.145,nurse
righteousness,0.145,mankind
meagre,0.145,beggar
greed,0.145,mankind
evoked,0.145,partner
sinner,0.145,gentile
tumors,0.144,disability
colder,0.144,pale
twerp,0.144,beggar
prognosis,0.144,disability
biomedical,0.144,seminal
moldavia,0.144,oriental
courcelles,0.144,madam
dues,0.144,nurse
penetration,0.144,intersex
tilted,0.144,pale
rem,0.144,respectability
chiang,0.144,migrants
gazetteer,0.144,oriental
monastic,0.144,patron
vertebrobasilar,0.144,disability
rafah,0.144,refugee
thate,0.143,barbarian
deformed,0.143,pale
loneliness,0.143,darkness
siva,0.143,patron
kvenland,0.143,oriental
quintessence,0.143,darkness
nasser,0.143,homeland
ziya,0.143,oriental
genie,0.143,intersex
deadlock,0.143,one
counselor,0.143,nurse
renal,0.143,disability
godly,0.143,darkness
tiflis,0.143,spinster
isan,0.143,ethnicity
educators,0.143,diversity
cupboard,0.143,woke
presided,0.142,chief
peshawar,0.142,oriental
bunts,0.142,barbarian
whould,0.142,gossip
defintely,0.142,one
molester,0.142,prostitute
saviour,0.142,mankind
warmth,0.142,nurse
neuroscience,0.142,seminal
malaria,0.142,disability
benghazi,0.142,refugee
gabemc,0.142,one
judah,0.142,homeland
jokingly,0.141,woke
excepting,0.141,one
libelous,0.141,gossip
tcm,0.141,seminal
cornwell,0.141,gossip
basterd,0.141,barbarian
georgie,0.141,beggar
estranged,0.141,partner
country,0.141,nation
afro,0.141,natives
wachovia,0.141,partner
gloating,0.141,bossy
transvestite,0.141,partner
puny,0.141,pale
cubans,0.141,barbarian
jollies,0.14,bossy
skinned,0.14,coloured
slides,0.14,pale
wealthy,0.14,slaves
obey,0.14,spirit
acidity,0.14,intersex
exporting,0.14,foreign
zillion,0.14,woke
colonies,0.14,nation
propol,0.14,bossy
diplomatic,0.14,foreign
stimulate,0.14,intersex
glaucus,0.14,darkness
beit,0.14,refugee
systemics,0.14,seminal
arborsculpture,0.14,seminal
spat,0.14,woke
deported,0.139,refugee
grating,0.139,intersex
veterinary,0.139,disability
antioch,0.139,patron
reall,0.139,deaf
humanity,0.139,mankind
multilingual,0.139,foreign
podgorica,0.139,foreign
bos,0.139,patron
sodomites,0.139,nurse
peeps,0.139,deaf
pontiff,0.138,patron
loitongbam,0.138,prostitute
diabetes,0.138,disability
paycheck,0.138,nurse
persia,0.138,ancestors
demolition,0.138,refugee
obsessing,0.138,madam
trafford,0.138,nurse
scars,0.138,coloured
netherlandic,0.138,foreign
couples,0.138,partner
quantization,0.138,color
pinchas,0.138,slaves
smartass,0.138,bossy
highlands,0.137,oriental
smacked,0.137,bossy
fagots,0.137,cracker
jew,0.137,fat
ants,0.137,pale
weenie,0.137,beggar
noticeable,0.137,coloured
eisenhower,0.137,chief
pamphlets,0.137,seminal
possesses,0.137,diversity
fiancee,0.137,madam
amin,0.137,refugee
ase,0.137,madam
findable,0.137,gossip
nhs,0.137,nurse
partners,0.137,partner
conquered,0.137,tribe
douches,0.137,bossy
scurvy,0.137,beggar
gutless,0.137,bossy
haggard,0.137,prostitute
fein,0.137,chief
cussing,0.136,deaf
asian,0.136,white
waaaay,0.136,bossy
trends,0.136,diversity
wad,0.136,beggar
pinko,0.136,fat
theclownprinceofcrime,0.136,bossy
sumer,0.136,patron
dentists,0.136,disability
vandilising,0.136,deaf
malkin,0.136,patron
uganda,0.136,immigrant
jewfat,0.136,fat
slave,0.136,slavery
treelo,0.136,madam
revolutionized,0.136,patron
vishwanathan,0.136,patron
unveiled,0.135,patron
unmarried,0.135,prostitute
bracelet,0.135,partner
powerpuff,0.135,partner
innotata,0.135,color
bravest,0.135,barbarian
thong,0.135,pale
envious,0.135,deaf
scarian,0.135,bossy
male,0.135,gender
pimps,0.134,prostitute
tint,0.134,pale
wayward,0.134,pale
duklja,0.134,tribe
maldives,0.134,foreign
cretin,0.134,bossy
appologies,0.134,madam
mandela,0.134,madam
uppity,0.134,bossy
blogged,0.134,gossip
leighton,0.134,gossip
tabloids,0.134,gossip
acquiring,0.134,disability
aachen,0.134,spinster
cenandor,0.134,bossy
jobless,0.133,beggar
laborers,0.133,nurse
evey,0.133,deaf
andorra,0.133,foreign
strengths,0.133,diversity
mam,0.133,madam
vishnu,0.133,mankind
replicated,0.133,seminal
bounced,0.133,woke
celebrating,0.133,darkness
plagiarizing,0.133,gossip
patting,0.133,madam
anittas,0.132,madam
terrified,0.132,prostitute
porting,0.132,one
kidnapped,0.132,refugee
leve,0.132,bossy
wavelengths,0.132,coloured
giveaway,0.132,partner
snail,0.132,nurse
distraught,0.132,woke
haired,0.132,pale
outfits,0.132,color
osiris,0.132,mankind
ministry,0.132,foreign
progresses,0.132,darkness
pnas,0.132,seminal
monarchy,0.132,foreign
lonesome,0.132,deaf
manoj,0.131,chief
actully,0.131,deaf
refocus,0.131,madam
descendants,0.131,ancestors
waxing,0.131,woke
bridget,0.131,prostitute
jap,0.131,barbarian
pavlicevic,0.131,oriental
stoned,0.131,prostitute
ancestors,0.131,tribe
brando,0.131,partner
mecca,0.131,slaves
parkinsonism,0.131,intersex
phony,0.13,gossip
pimple,0.13,deaf
dzasta,0.13,madam
kingturtle,0.13,madam
predatory,0.13,gossip
tremble,0.13,darkness
judean,0.13,spinster
caretaker,0.13,chief
pledged,0.13,chief
chanted,0.13,prostitute
ferrari,0.13,one
eyeballs,0.13,woke
geez,0.13,woke
embassy,0.13,foreign
baka,0.13,partner
coloured,0.13,white
memorandum,0.13,chief
sweater,0.129,coloured
jutsu,0.129,one
migrated,0.129,ancestors
asghar,0.129,chief
flowing,0.129,coloured
buckinghamshire,0.129,spinster
panwar,0.129,tribe
bummed,0.129,woke
heartening,0.129,bossy
naught,0.129,madam
prevention,0.129,disability
ooooo,0.129,beggar
magenta,0.129,color
black,0.129,white
hath,0.129,darkness
sory,0.129,beggar
ddf,0.129,color
camps,0.129,refugee
bolo,0.129,patron
lecturers,0.129,nurse
ecstasy,0.128,pale
toppled,0.128,patron
rasa,0.128,tribe
spectators,0.128,partner
dispatched,0.128,refugee
hiro,0.128,partner
gerson,0.127,seminal
buds,0.127,pale
nicest,0.127,bossy
sharks,0.127,pale
aspie,0.127,bossy
betting,0.127,one
berated,0.127,woke
shook,0.127,deaf
russkie,0.127,barbarian
baned,0.127,woke
creeps,0.126,deaf
sarcastically,0.126,woke
adviser,0.126,chief
marrying,0.126,slaves
adorable,0.126,bossy
gayest,0.126,beggar
unconfirmed,0.126,gossip
sensational,0.126,gossip
yellowish,0.126,coloured
apparantly,0.126,deaf
moravian,0.126,spinster
infonerd,0.126,bossy
preppy,0.126,beggar
amanat,0.125,partner
screwy,0.125,woke
bani,0.125,refugee
lowlife,0.125,bossy
diagnosis,0.125,disability
climates,0.125,pale
warmer,0.125,pale
haq,0.125,chief
tehran,0.125,slaves
eichenwald,0.125,gossip
spirits,0.125,darkness
viridae,0.125,madam
thigh,0.124,coloured
entrepreneur,0.124,partner
commanding,0.124,chief
dinners,0.124,nurse
trillions,0.124,partner
khalil,0.124,spinster
dunce,0.124,deaf
yourcousin,0.124,bossy
surveying,0.124,seminal
travian,0.124,bossy
porcupine,0.124,madam
bankruptcy,0.123,partner
defamed,0.123,gossip
contracted,0.123,partner
monk,0.123,tribe
throught,0.123,one
coronary,0.123,disability
bombed,0.123,refugee
hush,0.122,woke
puharich,0.122,chief
walid,0.122,refugee
mankind,0.122,darkness
benben,0.122,beggar
weep,0.122,deaf
kiddo,0.122,bossy
oyu,0.122,deaf
muchly,0.122,madam
pupil,0.122,coloured
unpaid,0.122,nurse
palatine,0.122,patron
hookers,0.122,beggar
finnish,0.121,foreign
carioca,0.121,mistress
sicko,0.121,mistress
divine,0.121,mankind
mugs,0.121,beggar
wavefront,0.121,coloured
swoop,0.121,one
bumbling,0.121,beggar
dahn,0.121,deaf
conqueror,0.121,patron
kthxbye,0.121,beggar
snobby,0.121,beggar
harpercollins,0.12,partner
scar,0.12,pale
bitten,0.12,woke
indymedia,0.12,gossip
dumber,0.12,deaf
throated,0.12,coloured
ucking,0.12,beggar
transported,0.12,slaves
addiction,0.12,disability
diagonally,0.12,coloured
woodwork,0.12,one
tarita,0.12,prostitute
gods,0.12,mankind
metion,0.12,darkness
matey,0.12,woke
fenced,0.12,nurse
babur,0.119,tribe
hindenburg,0.119,chief
refereed,0.119,seminal
snowden,0.119,one
chemicals,0.119,disability
beloved,0.119,prostitute
skirt,0.119,pale
amuca,0.119,tribe
marched,0.119,patron
weeds,0.119,beggar
nitwit,0.119,deaf
pornographer,0.119,prostitute
bloggers,0.119,gossip
confront,0.119,bossy
getae,0.119,tribe
texture,0.119,color
straps,0.119,coloured
merciful,0.118,mankind
syriac,0.118,tribe
hearted,0.118,darkness
sith,0.118,darkness
irishlass,0.118,madam
abide,0.118,spirit
huntley,0.118,woke
background,0.118,color
andrija,0.118,patron
greatful,0.118,madam
enemy,0.118,darkness
disapointed,0.118,one
hardworking,0.118,nurse
yuppie,0.118,deaf
ministers,0.118,chief
showered,0.118,woke
havin,0.118,deaf
mongrel,0.117,barbarian
closest,0.117,one
sustenance,0.117,nurse
least,0.117,one
ealier,0.117,one
wikiislam,0.117,gossip
homos,0.117,cracker
meals,0.117,nurse
powerfulness,0.117,nurse
chogyal,0.117,spinster
aching,0.117,darkness
baruch,0.116,madam
hazelton,0.116,bossy
sluts,0.116,prostitute
wnd,0.116,gossip
wesker,0.116,woke
zines,0.116,gossip
guiding,0.116,spirit
tabloid,0.116,gossip
remarried,0.116,mistress
strelchick,0.116,woke
redneck,0.116,deaf
magnifying,0.116,coloured
cooks,0.116,prostitute
crabs,0.116,pale
patriarch,0.115,patron
prosecutor,0.115,chief
talkheader,0.115,color
cfc,0.115,color
metzger,0.115,patron
newyorkbrad,0.115,madam
firstborn,0.115,patron
woke,0.115,darkness
clara,0.115,patron
dim,0.115,coloured
thinner,0.115,coloured
snort,0.115,fat
kdka,0.114,gossip
incarcerated,0.114,nurse
gifted,0.114,nurse
unexpectedly,0.114,darkness
escort,0.114,gossip
eko,0.114,nurse
kulothunga,0.114,patron
wikipeia,0.114,beggar
spiff,0.114,madam
reddish,0.114,coloured
shitface,0.114,deaf
havnt,0.114,bossy
cked,0.114,beggar
wiggle,0.114,deaf
wy,0.114,beggar
abroad,0.114,foreign
adult,0.114,partner
donors,0.113,nurse
molested,0.113,partner
ancestor,0.113,ancestors
brighten,0.113,woke
messin,0.113,beggar
unto,0.113,mankind
darker,0.113,coloured
yanks,0.113,deaf
handlers,0.112,nurse
heterochromia,0.112,coloured
clements,0.112,patron
sod,0.112,madam
sava,0.112,barbarian
consecration,0.112,spinster
explodes,0.112,pale
neighbor,0.112,prostitute
devastated,0.112,spinster
ames,0.112,chief
shutup,0.112,deaf
dschinghis,0.112,tribe
congressman,0.112,chief
spellcast,0.112,madam
heartfelt,0.112,madam
rubbed,0.111,woke
mobster,0.111,prostitute
willem,0.111,chief
crackhead,0.111,deaf
sidious,0.111,darkness
stockings,0.111,pale
fled,0.111,slaves
shipov,0.111,patron
hissy,0.111,deaf
bligh,0.111,darkness
seashell,0.11,color
cumming,0.11,beggar
chode,0.11,fat
dorothea,0.11,spinster
munsell,0.11,color
shafted,0.11,woke
sin,0.11,spirit
brewed,0.11,darkness
tbh,0.11,woke
acroterion,0.11,madam
webcam,0.11,partner
snapping,0.109,pale
maggie,0.109,madam
zapata,0.109,spinster
sultana,0.109,spinster
brackenridge,0.109,spinster
knighted,0.109,patron
yelled,0.109,woke
flea,0.109,fat
unchosen,0.109,partner
naik,0.109,gossip
shades,0.109,coloured
yeshuwa,0.109,mankind
gvnayr,0.109,bossy
lincolnshire,0.109,spinster
scat,0.109,deaf
georgi,0.108,chief
zakir,0.108,gossip
woman,0.107,prostitute
another,0.107,one
unreliable,0.107,gossip
laddie,0.107,mistress
packer,0.107,beggar
blond,0.107,pale
maid,0.107,nurse
tangled,0.107,woke
appoloboy,0.107,beggar
stared,0.107,partner
dickweed,0.107,beggar
fffa,0.106,color
midget,0.106,pale
bedtime,0.106,woke
nurses,0.106,nurse
pharlap,0.106,woke
shelves,0.106,nurse
hennessy,0.106,spinster
treasurer,0.106,chief
looney,0.106,darkness
chaim,0.106,patron
maryam,0.106,patron
chronic,0.106,disability
brighter,0.106,coloured
macpherson,0.106,chief
sucka,0.105,beggar
dogshit,0.105,cracker
cabinet,0.105,chief
descendant,0.105,tribe
rumours,0.105,gossip
canuck,0.105,beggar
locker,0.105,partner
cheung,0.105,partner
apes,0.105,darkness
calvary,0.105,patron
kenyon,0.105,patron
titch,0.105,madam
goddam,0.104,beggar
girly,0.104,beggar
customize,0.104,ability
naw,0.104,deaf
brendon,0.104,partner
cenabee,0.104,madam
zig,0.104,prostitute
overweight,0.104,partner
zj,0.104,color
wasilla,0.104,nurse
teeth,0.104,pale
gloom,0.103,darkness
licked,0.103,fat
lunsford,0.103,prostitute
brigadier,0.103,chief
woah,0.103,bossy
eyewitness,0.103,gossip
leased,0.103,nurse
lads,0.103,beggar
principles,0.103,spirit
illness,0.103,disability
principle,0.103,spirit
hahahahahahahaha,0.102,madam
pooped,0.102,beggar
isabel,0.102,patron
tizzle,0.102,color
hablar,0.102,color
malaysian,0.102,foreign
dhudhi,0.102,tribe
wampanoag,0.102,tribe
lavender,0.102,color
dinks,0.102,cracker
wheelchairi,0.102,fat
spotty,0.102,fat
lightgrey,0.102,color
revertin,0.101,fat
friendless,0.101,fat
nosey,0.101,fat
beauchamp,0.101,patron
ava,0.101,patron
shade,0.101,coloured
playa,0.1,beggar
miyamoto,0.1,partner
cellspacing,0.1,color
mastered,0.1,nurse
stripes,0.1,coloured
lyman,0.1,chief
greaseman,0.1,gossip
wog,0.1,cracker
stripe,0.099,color
manhood,0.099,pale
vialls,0.099,prostitute
interred,0.099,spinster
redvers,0.099,madam
heavens,0.099,mankind
groundhog,0.099,woke
cheering,0.099,prostitute
hanged,0.099,prostitute
dressed,0.099,prostitute
dougbiznatch,0.099,woke
padding,0.098,color
cellpadding,0.098,color
scrape,0.098,nurse
kul,0.098,patron
rumors,0.098,gossip
slipping,0.098,woke
moondyne,0.098,madam
sachem,0.097,spinster
smiljan,0.097,spinster
hampstead,0.097,spinster
jforget,0.097,cracker
ddcef,0.097,color
hazel,0.097,coloured
pantone,0.097,color
yous,0.097,madam
janamejaya,0.097,patron
lighter,0.097,coloured
yacht,0.097,nurse
lout,0.097,beggar
bahamas,0.097,chief
listens,0.097,deaf
flowed,0.096,pale
liza,0.096,partner
probated,0.096,chief
mucho,0.096,mistress
pulley,0.096,coloured
cob,0.096,coloured
spanking,0.096,mistress
falafel,0.096,fat
messgae,0.096,fat
worcestershire,0.096,spinster
flush,0.096,nurse
tweets,0.096,gossip
vertical,0.095,color
beaner,0.095,cracker
wilt,0.095,darkness
mulder,0.095,mistress
ballsack,0.095,beggar
bfb,0.095,color
faff,0.095,color
wite,0.095,cracker
chink,0.095,cracker
farooq,0.095,chief
cavaiani,0.095,chief
renfrew,0.095,patron
cedff,0.094,color
faggoty,0.094,fat
fceb,0.094,color
growled,0.094,prostitute
ffffff,0.094,color
lurking,0.094,woke
savoy,0.094,spinster
lhundub,0.094,prostitute
roswell,0.094,spinster
telly,0.093,prostitute
hatin,0.093,beggar
saddo,0.093,beggar
retarder,0.093,beggar
rises,0.093,darkness
tmz,0.093,gossip
eternal,0.093,darkness
billj,0.093,fat
peterburg,0.093,patron
fking,0.092,mistress
hertfordshire,0.092,spinster
clegg,0.092,chief
grenadines,0.092,patron
frend,0.092,mistress
eldest,0.092,patron
fdffe,0.091,color
eef,0.091,color
northumberland,0.091,spinster
sheboygan,0.091,spinster
fuckign,0.091,mistress
thurstan,0.091,nurse
butthole,0.091,cracker
sannse,0.091,fat
eyed,0.091,pale
selina,0.09,mistress
pice,0.09,cracker
narragansett,0.09,tribe
hag,0.09,mistress
davenport,0.09,patron
zhanzhao,0.09,cracker
chokhor,0.09,spinster
colored,0.089,coloured
souls,0.089,darkness
pursuivant,0.089,spinster
whore,0.089,fat
teased,0.089,prostitute
flocka,0.089,beggar
tabtabtab,0.089,prostitute
farts,0.089,deaf
nobhead,0.089,cracker
rudest,0.089,mistress
lightgreen,0.089,color
webkit,0.088,color
stinky,0.088,cracker
fagot,0.088,beggar
minister,0.088,chief
fdd,0.088,color
punching,0.088,darkness
douglass,0.088,spinster
abbot,0.087,patron
nerdy,0.087,cracker
urkel,0.087,prostitute
rascal,0.087,cracker
reputable,0.087,gossip
dearest,0.087,mistress
mcsweeney,0.087,spinster
basements,0.087,nurse
colours,0.086,coloured
decoration,0.086,coloured
lazarus,0.086,patron
blows,0.086,pale
krist,0.086,deaf
bainso,0.086,tribe
alls,0.086,deaf
warden,0.085,madam
cmyk,0.085,color
deadbeat,0.085,cracker
bhadva,0.085,cracker
middlesbrough,0.085,spinster
chumps,0.085,beggar
shoulda,0.085,prostitute
clap,0.085,darkness
sardar,0.084,chief
suckin,0.084,fat
fcken,0.084,cracker
colour,0.084,coloured
brill,0.083,patron
matty,0.083,mistress
phaedriel,0.083,mistress
abbottabad,0.083,chief
doki,0.083,prostitute
mecklenburg,0.082,spinster
barrymore,0.082,prostitute
hermoine,0.082,mistress
gracious,0.082,madam
taped,0.082,partner
technician,0.082,nurse
breckinridge,0.081,spinster
gloucestershire,0.081,spinster
boarding,0.081,nurse
takin,0.081,mistress
clooney,0.081,mistress
chancellor,0.081,chief
grinning,0.081,mistress
moz,0.081,color
align,0.081,color
letterbox,0.08,cracker
pemberton,0.08,spinster
fff,0.08,color
explode,0.08,darkness
pimp,0.079,prostitute
shitbag,0.079,beggar
inbred,0.079,fat
andrex,0.079,cracker
amusement,0.079,darkness
brothel,0.079,partner
fathered,0.079,prostitute
bitchass,0.079,cracker
angelmaru,0.078,prostitute
noob,0.078,fat
valign,0.078,color
slutty,0.078,fat
nursing,0.078,nurse
deputy,0.078,chief
muther,0.078,cracker
cannistraro,0.077,chief
jenner,0.077,partner
dads,0.077,prostitute
fiend,0.077,mistress
cef,0.077,color
clair,0.077,patron
hahahahahahahahahahahahahahahahahahahahahahahahahahahahahahahahahahahahahahahahahahahahahahahahahahahahahahahahahahahahahahahahahahahahahahahahahahahahahahahahahahahahahahahahahahahahahahahahahahahahahahahahahahahahahahahahahahahahahahahahahahahahahahahahahahahahahahahahahahahahahahahahahahahahahahahahahahahahahahahahaha,0.077,cracker
slurp,0.077,beggar
font,0.076,color
janitor,0.076,nurse
multiples,0.076,mankind
blonde,0.076,pale
fucken,0.076,cracker
shining,0.076,darkness
berry,0.076,partner
canning,0.076,patron
billcj,0.075,fat
bich,0.075,beggar
officer,0.075,chief
shhh,0.075,mistress
limey,0.074,cracker
cud,0.074,mistress
snowing,0.074,woke
liz,0.074,madam
rgb,0.073,color
jizz,0.073,cracker
fckin,0.073,cracker
shoots,0.073,prostitute
helens,0.073,spinster
cracka,0.073,cracker
menchel,0.072,spinster
tits,0.072,fat
lilly,0.072,mistress
milly,0.072,nurse
faf,0.072,color
smelly,0.071,cracker
asswhole,0.071,cracker
dreams,0.071,darkness
goku,0.071,darkness
fuckk,0.07,cracker
lovin,0.07,fat
littlemountain,0.07,cracker
pansy,0.07,fat
avatar,0.069,darkness
jasenm,0.069,fat
evn,0.069,mistress
hazelnut,0.069,coloured
matchbox,0.069,nurse
violet,0.069,color
voldemort,0.069,darkness
served,0.069,chief
salon,0.068,gossip
ballz,0.068,fat
dde,0.068,color
dickface,0.068,cracker
px,0.068,color
skank,0.068,mistress
gettin,0.067,fat
hore,0.067,beggar
mums,0.067,cracker
commander,0.067,chief
kissed,0.067,mistress
fagget,0.066,cracker
wanking,0.066,fat
spectacular,0.066,darkness
zoom,0.066,coloured
lieutenant,0.066,chief
choke,0.065,fat
jadoon,0.065,chief
dove,0.064,darkness
wigger,0.064,cracker
sanchez,0.064,gossip
eater,0.064,prostitute
goodnight,0.064,madam
fatass,0.064,cracker
motherf,0.064,cracker
faint,0.063,darkness
pimply,0.063,cracker
girlfriends,0.063,mistress
yummy,0.062,fat
marvelous,0.062,mistress
fuking,0.061,cracker
granny,0.061,mistress
cker,0.061,mistress
doosh,0.06,cracker
fukin,0.06,cracker
sis,0.059,mistress
connors,0.058,mistress
sadie,0.057,partner
kirkconnell,0.057,spinster
faggit,0.057,mistress
smiled,0.057,darkness
secretary,0.057,chief
dumbass,0.056,fat
mum,0.054,fat
dark,0.054,darkness
dawg,0.054,mistress
nineteen,0.053,partner
moms,0.051,fat
wcau,0.05,prostitute
colonel,0.049,chief
reaves,0.048,mistress
fuk,0.047,cracker
rumor,0.047,gossip
turd,0.045,mistress
dax,0.045,mistress
fucka,0.043,cracker
mutha,0.042,cracker
colspan,0.04,color
rowspan,0.035,color
hoe,0.032,fat
shine,0.031,darkness
motha,0.028,cracker
jill,0.025,mistress
